Ordre;Page du nouveau site;Adresse Wix;Action;Titre SEO (balise title);Description SEO;Titre H1;Texte à reprendre;Images;Données structurées
1;/;/;Mettre à jour (page d'accueil existante);Dark Side Energy | Distribution électrique événementielle;Distribution électrique événementielle, régie technique, coordination générale et bureau d'étude. Salons, concerts, sport et festivals, depuis 2016.;La puissance de l'électricité, sans tension, avec intensité.;wix/textes/01-accueil.md;cheminement-cables;wix/donnees-structurees/accueil/
2;/distribution-electrique/;/distribution-electrique;Mettre à jour;Distribution électrique événementielle | Dark Side Energy;Techniciens électriciens spécialisés dans l'événementiel : du coffret 16 A à l'armoire 2 000 A, du groupe électrogène 6 kVA au 2 000 kVA.;Du coffret 16 A à l'armoire 2 000 A.;wix/textes/02-distribution-electrique.md;salon-lille-grand-palais;wix/donnees-structurees/distribution-electrique/
3;/regie-technique/;/regie-technique;Mettre à jour;Régie technique et gestion de projets | Dark Side Energy;Régie technique et gestion de projets événementiels : repérages, personnel qualifié, sous-traitants, logistique, dans le respect de votre budget.;Délestez-vous d'une charge de travail importante.;wix/textes/03-regie-technique.md;;wix/donnees-structurees/regie-technique/
4;/coordination-generale/;/coordination-generale;Créer;Coordination générale et direction technique | Dark Side Energy;Coordination et régie générale d'événements culturels, sportifs ou d'entreprise : directeur technique, régisseur, assistant régie, coordinateur.;La pierre angulaire de votre événement.;wix/textes/04-coordination-generale.md;;wix/donnees-structurees/coordination-generale/
5;/bureaudetude/;/bureaudetude;Mettre à jour;Bureau d'étude électrique événementiel | Dark Side Energy;Bureau d'étude électrique événementiel : raccordement, bilan de puissance, schéma unifilaire, plans et notes de calcul. Le terrain au service de l'étude.;Le terrain au service de l'étude.;wix/textes/05-bureaudetude.md;;wix/donnees-structurees/bureaudetude/
6;/consulting/;/consulting;Mettre à jour;Consulting en distribution électrique événementielle | Dark Side Energy;Consulting en distribution électrique événementielle : analyse de vos attentes, cahier des charges, choix des produits et solutions sur mesure.;Votre partenaire pour concrétiser vos projets.;wix/textes/06-consulting.md;;wix/donnees-structurees/consulting/
7;/nos-produits/;/nos-produits;Mettre à jour;Matériel de distribution électrique, location et vente | Dark Side Energy;Location et vente : passages de câbles Modulo PMR, armoires et coffrets, câbles P17 et Powerlock, groupes électrogènes Stage V, packs batteries.;Le matériel qui fait passer le courant.;wix/textes/07-nos-produits.md;passage-cables-modulo, passage-cables-modulo-assemble;wix/donnees-structurees/nos-produits/
8;/energie-responsable/;/energie-responsable;Créer;Énergie responsable et démarche RSE | Dark Side Energy;Notre démarche RSE : le réseau d'abord, des solutions hybrides (HVO, Stage V, batteries), le juste dimensionnement et des engagements internes.;Sortir du « tout groupe électrogène ».;wix/textes/08-energie-responsable.md;;wix/donnees-structurees/energie-responsable/
9;/references/;/references;Créer;Références : Zéniths, arenas, stades et salons | Dark Side Energy;Des milliers de prestations depuis 2016 : Zéniths, arenas, stades, salons et lieux d'exception, en France et à l'international.;Des milliers de prestations depuis 2016.;wix/textes/09-references.md;salon-lille-grand-palais;wix/donnees-structurees/references/
10;/bilan-de-puissance/;/bilan-de-puissance;Renommer la page /test-externe (redirection 301);Bilan de puissance en ligne | Dark Side Energy;Bilan de puissance en ligne : puissance foisonnée, courant par phase, calibre et source indicatifs. Démo libre, accès complet réservé à nos clients.;Bilan de puissance.;wix/textes/10-bilan-de-puissance.md;;wix/donnees-structurees/bilan-de-puissance/
11;/calculette-electro/;/calculette-electro;Mettre à jour;Calculette électro : conversions et chute de tension | Dark Side Energy;Calculette électrique gratuite : conversion W, kVA et ampères en mono 230 V et tri 400 V, chute de tension NF C 15-100, repères P17 et Powerlock.;Calculette électro.;wix/textes/11-calculette-electro.md;calculette-app;wix/donnees-structurees/calculette-electro/
12;/news/;/news;Mettre à jour (page du blog);Le sais-tu ? Les bases de la distribution électrique | Dark Side Energy;Les bases de la distribution électrique événementielle expliquées simplement : ilotage, groupe Twin zéro coupure, section de câble, disjoncteur.;Les bases de notre métier, expliquées simplement.;wix/textes/12-news.md;;wix/donnees-structurees/news/
13;/faq/;/faq;Créer;Questions fréquentes sur la distribution électrique événementielle | Dark Side Energy;Les réponses de Dark Side Energy : qui nous sommes, nos métiers, la location de matériel, le Twin zéro coupure, la puissance d'une P17, la chute de tension.;Vos questions, nos réponses.;wix/textes/13-faq.md;;wix/donnees-structurees/faq/
14;/lexique/;/lexique;Créer;Lexique de la distribution électrique événementielle | Dark Side Energy;P17, Powerlock, TGBT, foisonnement, ilotage, groupe Twin, HVO, Stage V : les termes de l'électricité événementielle expliqués simplement.;Les mots de l'électricité événementielle.;wix/textes/14-lexique.md;;wix/donnees-structurees/lexique/
15;/entreprise/;/entreprise;Créer;L'entreprise | Dark Side Energy;Dark Side Energy, SARL basée à Carvin : des humains professionnalisés dans la distribution électrique d'événement depuis 2016. Nous rejoindre.;Des humains professionnalisés dans la distribution électrique d'événement.;wix/textes/15-entreprise.md;;wix/donnees-structurees/entreprise/
16;/contact/;/contact;Mettre à jour (formulaire Wix);Contact et demande de devis | Dark Side Energy;Contactez Dark Side Energy pour un devis : distribution électrique, régie, coordination, bureau d'étude, matériel. 37 rue Thibaut, 62220 Carvin.;Parlons de votre événement.;wix/textes/16-contact.md;;wix/donnees-structurees/contact/
17;/mentions-legales/;/mentions-legales;Mettre à jour (compléter les mentions « à compléter »);Mentions légales et confidentialité | Dark Side Energy;Mentions légales du site Dark Side Energy : éditeur, hébergement, propriété intellectuelle, données personnelles et stockage local.;Mentions légales et confidentialité.;wix/textes/17-mentions-legales.md;;wix/donnees-structurees/mentions-legales/
18;/news/distribution-electrique-evenementielle/;/single-post/saistucequestladistributionelectrique;Mettre à jour l'article existant;Qu'est-ce que la distribution électrique événementielle ? | Dark Side Energy;Distribution électrique événementielle : partir des alimentations du lieu pour distribuer l'électricité en sécurité. Et pourquoi l'ilotage est interdit.;Qu'est-ce que la distribution électrique événementielle ?;wix/textes/18-news-distribution-electrique-evenementielle.md;;Aucune (balisage du blog Wix)
19;/news/groupe-twin-zero-coupure/;/single-post/2017/05/08/le-sais-tu-quest-ce-quun-groupe-twin-zéro-coupure;Mettre à jour l'article existant;Qu'est-ce qu'un groupe Twin zéro coupure ? | Dark Side Energy;Groupe Twin zéro coupure : deux groupes électrogènes synchronisés, chacun à 50 % de la charge. Si l'un tombe en panne, aucune coupure.;Qu'est-ce qu'un groupe Twin zéro coupure ?;wix/textes/19-news-groupe-twin-zero-coupure.md;;Aucune (balisage du blog Wix)
20;/news/section-de-cable/;/single-post/2017/05/08/le-sais-tu-la-section-de-câble-dépend-de-lintensité-mais-aussi-de-la-longueur;Mettre à jour l'article existant;La section de câble dépend de l'intensité, mais aussi de la longueur ! | Dark Side Energy;Pourquoi la section d'un câble dépend de l'intensité mais aussi de la longueur : résistance, échauffement et chute de tension, simplement.;La section de câble dépend de l'intensité, mais aussi de la longueur !;wix/textes/20-news-section-de-cable.md;;Aucune (balisage du blog Wix)
21;/news/pourquoi-ca-saute/;/single-post/2017/05/08/le-sais-tu-pourquoi-ça-saute;Mettre à jour l'article existant;Pourquoi « ça saute » ? | Dark Side Energy;Pourquoi un coffret électrique « saute » : différentiel 30 mA et disjoncteur expliqués simplement. Appareil en défaut ou circuit surchargé ?;Pourquoi « ça saute » ?;wix/textes/21-news-pourquoi-ca-saute.md;;Aucune (balisage du blog Wix)
22;/news/lille-grand-palais-2016/;/single-post/2016/10/06/lille-grand-palais;Mettre à jour l'article existant;Lille Grand Palais : deux salons depuis la rentrée | Dark Side Energy;Octobre 2016 : Lille Grand Palais confie à Dark Side Energy la distribution électrique, l'ADSL et la téléphonie des salons Créer et Sénioreva.;Lille Grand Palais : deux salons depuis la rentrée;wix/textes/22-news-lille-grand-palais-2016.md;salon-lille-grand-palais;Aucune (balisage du blog Wix)
23;/news/repertoire-national-des-electros/;/single-post/2016/06/23/répertoire-national-des-électros;Mettre à jour l'article existant;Répertoire national des électros | Dark Side Energy;Électriciens habilités, rejoignez Dark Side Energy pour travailler dans l'événementiel et le culturel. Prestataires et loueurs, trouvez le technicien idéal pour votre prestation.;Répertoire national des électros;wix/textes/23-news-repertoire-national-des-electros.md;;Aucune (balisage du blog Wix)
24;/news/fetes-maritimes-brest-2016/;/single-post/2016/05/26/fêtes-maritimes-internationales-de-brest-2016;Mettre à jour l'article existant;Fêtes maritimes internationales de Brest 2016 | Dark Side Energy;Mai 2016 : première mission de Dark Side Energy, la gestion complète du projet des Fêtes maritimes internationales de Brest 2016 pour Revolt Location.;Fêtes maritimes internationales de Brest 2016;wix/textes/24-news-fetes-maritimes-brest-2016.md;;Aucune (balisage du blog Wix)
25;/news/creation-dark-side-energy/;/single-post/2016/05/25/création-de-dark-side-energy-1;Mettre à jour l'article existant;Création de Dark Side Energy | Dark Side Energy;Mai 2016 : création de Dark Side Energy, des professionnels de la distribution électrique événementielle, du consulting à la pose.;Création de Dark Side Energy;wix/textes/25-news-creation-dark-side-energy.md;;Aucune (balisage du blog Wix)
;/contact/merci/;;Pas de page : message de confirmation du formulaire Wix;;;;;;
;/compte/;;Pas de page : l'espace client accompagne le bilan de puissance hébergé hors de Wix (Netlify Identity);;;;;;
;/404.html;;Pas de page : page 404 de Wix (personnalisation facultative);;;;;;
